title,url,content,summary,sentiment,sentiment_score,bias,bias_score,source
"""Governance Is Not Theatrics"": PM's Dig At AAP After BJP Wins Delhi",https://www.ndtv.com/india-news/delhi-election-result-live-theres-satisfaction-over-freeing-delhi-from-aapda-pm-modi-7665102#pfrom=home-ndtvelex_live_day_watch_live_elections,"Delhi Assembly Election Result 2025: Delhi, PM Narendra Modi said, can now look forward. Prime Minister Narendra Modi, addressing BJP workers after the party's stupendous victory in Delhi, said it was a victory of ""development, vision and trust (Vikas, Vision Vishwas)"". TheDelhi Assembly Election 2025, that sent Arvind Kejriwal's Aam Aadmi Party packing after more than a decade, also proved that the people of Delhi would not tolerate ""corruption, and lies in politics... they want governance, not theatrics,"" he added in one of the many jibes at the outgoing AAP. The BJP is storming back to power in Delhiafter nearly three decades, winning close to 50 of Delhi's 70 seats, while AAP - which won 60-plus seats in the last two elections --lags behind with 20-plus seats. Seen as the architect of this historic victory, PM Modi heaped insults on AAP and the Congress. ""The party which was born out of a movement against corruption, found themselves getting drowned in corruption... Their Chief Minister, Deputy Chief Minister and ministers went to jail. Liquor scam, school scam was a disgrace to Delhi's image and they were arrogant about it. When Delhi was suffering from Covid, they were building Sheesh Mahal. In first Vidhan Sabha session of Delhi, CAG report will be presented in the house and this is Modi's guarantee,"" he said. Harsher words were reserved for the Congress. ""India's oldest party has not managed to open their account in six elections in Delhi (Lok Sabha and assembly). I told you Congress is a parasite party they takes the other party down with them whenever they are drowning. Their method is also unique, they steal their agendas and then target their vote bank and steal their votes,"" he said. ""Those holding Congress's hand are getting destroyed because it is not the same Congress as it was before independence and few years after 1947. They are doing Urban Naxal politics. Their politics is focussed on bringing anarchy and AAP-da was trying to do the same thing,"" he said. Delhi, he added, can now look forward, having rejected the politics of ""corruption"" and ""idiocy"" --""It is my guarantee to the people of Delhi - Sabka Saath, Sabka Vikaas and puri Dilli ka Vikaas"". The BJP, he said, has left a clear footprint in neighbouring Uttar Pradesh and recently, Maharashtra and Haryana opted for the party with good reason, he said, ""The law-and-order situation in neighbouring Uttar Pradesh once caused problems, but we worked to fix it. In Maharashtra, farmers suffered from drought, so we created Jalyukt Shivir to help them,"" he said. With two NCR states - Haryana and Uttar Pradesh - already under the BJP belt, he said the victory in Delhi will help ensure better governance in the region. The double engine government will now ensure that all the party's election promises are kept. This would include clearing up the city, tackling pollution, garbage and sewage problems. Along with this, he promised that the Yamuna river - which was catapulted into becoming an election issue after Mr Kejriwal's allegation that Haryana is poisoning its waters - will become the ""identity (pehchaan)"" of the national capital. The promises made to women will also be kept, he said. The victory speech of the Prime Minister also carried a bow to allies. ""Bihar was in a poor state and change came when NDA government came to power. Similarly in Andhra, Chandrababu Naidu has shown his track record. NDA means a guarantee for development, good governance. It benefits not just the poor but also the middle class. The middle class has supported the BJP. People from different professions are working with BJP and because of this, we have always prioritised the middle class,"" he said. TrackLatest NewsLive on NDTV.com and getnewsupdates fromIndiaand around theworld","PM Narendra Modi hails victory of ""development, vision and trust"" Delhi Assembly Election 2025 sent Arvind Kejriwal's Aam Aadmi Party packing after more than a decade. The BJP is storming back to power in Delhiafter nearly three decades, winning close to 50 of Delhi's 70 seats. AAP - which won 60-plus seats in the last two elections --lags behind with 20-plus seat.",POSITIVE,0.9,pro-government,0.74,NDTV
"Delhi Oath Ceremony On Thursday, BJP Yet To Name Chief Minister",https://www.ndtv.com/india-news/oath-taking-ceremony-of-delhis-new-chief-minister-on-february-20-sources-7729075,"The newDelhi Chief Minister- identity as yet unknown since theBharatiya Janata Party, which thumped theAam Aadmi Party48-22 in this month's election, has not named anyone - will take oath at 4.30 pm Thursday, sources told NDTV this afternoon. The venue, also not yet announced, is likely to be the city's Jawaharlal Nehru Stadium. The 48 newly-elected BJP Delhi MLAs are expected to meet Wednesday to select their leader, who will then likely replace the AAP's Atishi as Delhi's new Chief Minister. Last week BJP sources told NDTV efforts to form the new Delhi government had been put on hold till Prime Minister Narendra Modi returned from his trip to France and the United States. A decision on who will be the BJP's first Delhi Chief Minister in nearly three decades has been pending since the BJP won the election. Mr Modi, now back in India, is expected to meet Home Minister Amit Shah and party chief JP Nadda, as well as his Delhi leadership, to take these decisions. READ |BJP's Delhi Govt Formation Talks Awaits PM's Return From US Whenever the PM's meeting, and that of the legislative party, are held, and whomever is chosen, what is certain is the BJP is planning on a mega swearing-in ceremony for its new Delhi government. Over 200 former and current BJP MPs, the Chief Ministers of all states ruled by the party or its allies will be present, and all major state leaders and workers are likely be present. Sources have told NDTV a shortlist of 15 names has been finalised; the new Chief Minister, his/her cabinet members, and the Assembly Speaker will be chosen from this list. Nine names will be chosen, sources had said, suggesting Delhi will have, for now, a total of eight ministers. READ |BJP's Delhi 'Wapsi' Complete, Focus Now On Chief Minister Question The odds-on favourite for the Chief Minister' post is two-time ex-MP Parvesh Verma, who defeated AAP boss and former Chief Minister Arvind Kejriwal to win the New Delhi constituency. Others expected on the BJP's chief ministerial shortlist are the party's Delhi unit leader, Virendra Sachdeva, and Bansuri Swaraj, a first-time MP who is the daughter of the late former Union Minister Sushma Swaraj. Satish Upadhyay, the BJP's Brahmin face in Delhi, is also an option. READ |'Giant Slayer', 1st-Time MP: One Of These Could Be Delhi Chief Minister The BJP engineered a triumphant return to power in Delhi after the February 5 election. The party won 48 of Delhi's 70 Assembly seats after winning a combined 11 in two previous polls. The AAP, looking to win a third straight term found itself dragged down by attacks targeting party boss Arvind Kejriwal over the 'sheeshmahal' and liquor excise policy scandals, among others. DELHI ELECTION RESULTS |BJP's Capital Gain AAP-ends Arvind Kejriwal Eventually the party flopped badly, winning just 22 seats. For context, the party swept 67 seats in the 2015 election and 62 five years later. The Congress was routed - it got zero seats for a third successive Delhi election. NDTV is now available on WhatsApp channels.Click on the linkto get all the latest updates from NDTV on your chat. TrackLatest NewsLive on NDTV.com and getnewsupdates fromIndiaand around theworld","The new Delhi Chief Minister will take oath at 4.30 pm Thursday, sources say. The venue, also not yet announced, is likely to be the city's Jawaharlal Nehru Stadium. The 48 newly-elected BJP Delhi MLAs are expected to meet Wednesday to select their leader, who will then likely replace the AAP's Atishi.",POSITIVE,0.9,pro-government,0.76,NDTV
"""AAP Was Finished When..."": Ex Leader Ashutosh's Post After Delhi Drubbing",https://www.ndtv.com/india-news/delhi-election-2025-ashutosh-aap-was-finished-when-ex-leader-ashutoshs-post-after-delhi-drubbing-7676653#pfrom=home-ndtvelex_live_day_watch_live_elections,"Two days after AAP's poll drubbing in Delhi, its former leader Ashutosh said the party was ""finished"" long back and February 8 had just shown the results. He has warned that the Arvind Kejriwal-led party would struggle to hold on to Punjab as it has ""lost the morality of revolution"". Mr Ashutosh, once a close aide of Mr Kejriwal, said in a post on X that AAP was ""finished"" when party leaders ""started taking chartered flights, staying in presidential suits and building 'Sheesh Mahals' for themselves"". The 'Sheesh Mahal' remark was aimed directly at Mr Kejriwal, who the BJP has accused of massive corruption in revamping the Chief Minister's residence during his term in office. A veteran journalist, Mr Ashutosh was among the leaders of the India Against Corruption movement who later decided to float a political outfit. Mr Ashutosh contested the 2014 Lok Sabha polls but lost to BJP's Harsh Vardhan. He quit AAP in 2018, citing personal reasons. In his post on X, he also flagged AAP leaders' enjoying Z+ security cover and intimidating mediapersons. He also pointed to the AAP's pre-poll allegations that Haryana has poisoned water coming to Delhi. AAP, he said, suffered defeat because it lost its morality. ""AAP became an election-fighting party. It stuck to the chair. AAP's asset was its morality. When that was lost, the government was lost too. It would be difficult to save Punjab too,"" he said. After a decade-long rule in the national capital, AAP suffered a crushing defeat in this Delhi election. While the BJP scored 48 seats, AAP managed 22 -- 40 less than the 2020 election. What added to the damage was the defeat of AAP's top guns, including Mr Kejriwal, Manish Sisodia and Satyendra Jain. Earlier, AAP's now-expelled co-founder Prashant Bhushan held Mr Kejriwal responsible for the Delhi poll debacle. In a post on X, Mr Bhushan accused Mr Kejriwal of changing the nature of AAP after it was founded as a transparent platform for alternative politics. Targeting Mr Kejriwal, he said, ""He built a 45 cr sheesh mahal for himself & began travelling in luxury cars. He binned 33 detailed Policy reports of expert committees set up by AAP, saying that the party will adopt expedient policies when the time comes."" ""He (Kejriwal) felt that politics could be done by bluster and propaganda. This is the beginning of the end of AAP,"" Mr Bhushan added. TrackLatest NewsLive on NDTV.com and getnewsupdates fromIndiaand around theworld","Former AAP leader Ashutosh said the party was ""finished"" long back and February 8 had just shown the results. He warned that the Arvind Kejriwal-led party would struggle to hold on to Punjab as it has ""lost the morality of revolution"" The 'Sheesh Mahal' remark was aimed directly at Mr Kejriwal, who the BJP has accused of massive corruption.",NEGATIVE,1.0,anti-government,0.66,NDTV
"Video: AAP's Office Doors Shut As Arvind Kejriwal, Manish Sisodia Lose Delhi",https://www.ndtv.com/india-news/delhi-assembly-election-result-live-video-aaps-office-doors-shut-as-arvind-kejriwal-manish-sisodia-lose-delhi-7663067#pfrom=home-ndtvelex_live_day_watch_live,"Arvind Kejriwal and his former deputy Manish Sisodia lost the election. Aam Aadmi Party (AAP) on Saturday shut its party office doors in Delhi shortly after a massive defeat in the assembly elections. Top party leaders including AAP chief and former Chief MinisterArvind Kejriwaland his former deputy Manish Sisodia lost the election. A video shows several people standing outside AAP's party office which has a brown-coloured shutter in front of it. The party's name and logo can be seen on a blue board and a black stone outside the office. Mr Kejriwal lost his strongholdNew Delhiseat to former two-time BJP MP Parvesh Verma. Mr Kejriwal finished around 1,200 votes behind his rival, with the Congress' Sandeep Dikshit third. It comes as a huge loss for the AAP leader as he held the seat since 2013 when he beat Congress stalwart and then Chief Minister Sheila Dikshit. Manish Sisodia, who is the senior-most leader of AAP after Mr Kejriwal, conceded defeat from the Jangpura seat. ""Party workers fought well; we all did hard work. People have supported us as well. But, I lost by 600 votes. I congratulate the candidate who won. I hope he will work for the constituency,"" he said. Mr Sisodia was credited with the overhaul of Delhi's government schools in the first term of the AAP government. However, during his second term, Mr Sisodia was arrested amid allegations of corruption in Delhi's now-scrapped liquor policy. Shortly after his arrest in February 2023, Mr Sisodia resigned as deputy Chief Minister. This election, the biggest challenge the AAP government faced was the Delhi liquor policy case. While AAP failed to win the assembly election, Delhi Chief MinisterAtishimanaged to retain south Delhi's Kalkaji seat. The 43-year-old leader, who won the seat in 2020, was up against BJP's former MP Ramesh Bidhuri and the Congress's Alka Lamba. According to the Election Commission, she has won with a margin of over 2,700 votes. The BJP has emerged victorious in Delhi after nearly three decades. According to the latest trends, BJP is leading in 46 seats while the AAP is ahead in 24 seats. Congress is not leading in any seat. TrackLatest NewsLive on NDTV.com and getnewsupdates fromIndiaand around theworld",Aam Aadmi Party (AAP) shut its party office doors in Delhi shortly after a massive defeat in the assembly elections. A video shows several people standing outside AAP's party office which has a brown-coloured shutter in front of it. Mr Kejriwal lost his strongholdNew Delhiseat to former two-time BJP MP Parvesh Verma.,NEGATIVE,1.0,anti-government,0.52,NDTV
"""Was Doing Good Job, But..."": Anna Hazare On Arvind Kejriwal's Poll Defeat",https://www.ndtv.com/india-news/was-doing-good-job-but-anna-hazare-on-arvind-kejriwals-poll-defeat-7768213,"Activist Anna Hazare has said AAP leader Arvind Kejriwal was doing a ""good job"" as Delhi Chief Minister, but he started opening liquor vends and faced the people's wrath as a result. A woman, Rekha Gupta, becoming the new chief minister of the national capital was a matter of pride, he told reporters on Friday, adding that the people voted for her because of her ""pure thoughts and deeds"". As chief minister, Mr Kejriwal should have set an example before society but went astray, said Mr Hazare whose anti-corruption movement is credited for the birth of the Aam Aadmi Party. ""The earlier CM (Kejriwal) was doing a good job and became Delhi chief minister thrice. I did not speak anything (against him) as he was doing a good job. But then, he slowly started opening liquor vends and issuing licences. Then I got upset,"" Mr Hazare told reporters, referring to the AAP government's controversial excise policy. Mr Hazare, notably, is known for a staunch opposition to the consumption or sale of liquor. Mr Kejriwal was once Mr Hazare's associate in the anti-corruption movement, but the two parted ways after the former formed the AAP in 2012. In the elections earlier this month, the BJP ousted the AAP from power in Delhi, with Kejriwal losing his seat. The Central Bureau of Investigation and Enforcement Directorate have alleged that irregularities had been committed while modifying the Delhi excise policy 2021-22 and undue favours extended to licence holders. The policy was later scrapped. (Except for the headline, this story has not been edited by NDTV staff and is published from a syndicated feed.) TrackLatest NewsLive on NDTV.com and getnewsupdates fromIndiaand around theworld","Anna Hazare says Arvind Kejriwal was doing a ""good job"" as Delhi Chief Minister. But he started opening liquor vends and faced the people's wrath as a result, he says. Mr Hazare's anti-corruption movement is credited for the birth of the Aam Aadmi Party.",NEGATIVE,0.83,anti-government,0.89,NDTV
"""2026MeinBengalKi Baari"": Mamata Banerjee Warned After BJP's Delhi Win",https://www.ndtv.com/india-news/delhi-election-results-live-mamata-banerjee-suvendu-adhikari-2026-mein-bengal-ki-baari-mamata-banerjee-warned-after-bjps-delhi-win-7665169#pfrom=home-ndtvelex_live_day_watch_live_elections,"Bengal BJP leaderSuvendu Adhikari, boosted by his party's remarkable win in the2025 Delhi Assembly election- fired a warning atMamata Banerjeeon Saturday evening - 'look out, you're next'. Speaking to reporters after the BJP's win was confirmed, Mr Adhikari exulted, ""Delhiki jeet hamari hain... 2026meinBengalki baari'"", or 'We have won Delhi, in 2026 it's Bengal's turn'. Another senior Bengal BJP leader, Sukanta Majumdar, served up a similar warning, declaring, ""People of Bengal will also vote for the BJP... in the next Assembly election..."" Both also thanked the Bengali community in Delhi for the BJP's win, although it is unclear (at this time) if they voted for the saffron party or for Aam Aadmi Party, which was backed by Ms Banerjee. #WATCH|#DelhiElectionResults| West Bengal LoP and BJP leader Suvendu Adhikari says, ""Delhi ki jeet hamari hai...2026 mein Bengal ki baari hai...""pic.twitter.com/fVVzS2Ypqj The BJP has routed the AAP in Delhi, winning 48 of 70 Assembly seats, a dramatic improvement from the eight it won in the 2020 election and three in the 2015. Defeat for the AAP today was compounded by party boss Arvind Kejriwal and his aide, Manish Sisodia, losing their individual contests. READ |Arvind Kejriwal Loses New Delhi Seat As AAP Is Routed The Bengal BJP leaders' warnings come ahead of the Bengal election in March-April next year and underlines the BJP's determination to break Mamata Banerjee and her Trinamool Congress, which has, over the past decade, been a thorn in the side of Prime Minister Narendra Modi and his BJP. Ms Banerjee has led the Trinamool to victory over Prime Minister Modi and the BJP in three consecutive major elections - the 2019 and 2024 Lok Sabha polls, and the 2021 Bengal election. The Trinamool also registered a near-clean sweep BJP in the 2021 Kolkata local body polls. In the 2019 federal election, the Trinamool eked out a four-seat win over the BJP. Five years later she flexed her political muscles and left the saffron party further behind, winning 29 seats to open a 17-seat margin. In between, the BJP was thumped in the 2021 state election for good measure. But each win was followed by fierce squabbling between the two parties, with allegations of orchestrating post-poll violence - gunfights, mob killings, and crude bomb attacks that killed party workers and supporters from both sides - and adding to the bad blood. That enmity increased as the two went head-to-head over controversies to have hit Ms Banerjee's government, including the rape and murder of a young doctor at Kolkata'sRG Kar Hospitalin August last year and claims of sexual assault inSandeshkhaliby local Trinamool leader Sheikh Shahjahan. Much of the BJP's recent attacks on Ms Banerjee have been led by Mr Adhikari, who was the Chief Minister's confidante before his shock switch in December 2020, weeks before the last state poll. READ |In Sandeshkhali, Suvendu Adhikari's ""Revenge"" Warning To Mamata On the Sandeshkhali scandal, for example, last month Mr Adhikari said, ""... the BJP will send you to jail for making these women go to jail in false cases. We will take revenge, with interest."" The jabs at Ms Banerjee are also significant because the Trinamool had backed the AAP - in a move that raised tension within the INDIA bloc after it and the Congress failed to agree seat-share deal. That wound up, potentially, allowing the BJP to canter to victory after the AAP lost multiple seats due to Congress candidates splitting votes. NDTV Explains |How AAP-Congress Feud Split Opposition Votes In Delhi Poll However, formed to defeat the BJP in state and central elections, the INDIA grouping has stuttered and flattered to impress since it was formed in June 2023. Repeated defeats in elections led to questions over the Congress' leadership of the bloc, andMs Banerjee has emerged as a possible replacement. Ms Banerjee rising to lead the INDIA bloc is not something the BJP will favour, for not only will it make the task of winning the 2026 Bengal election that much harder, it will also complicate its 2029 prep. NDTV is now available on WhatsApp channels.Click on the linkto get all the latest updates from NDTV on your chat. TrackLatest NewsLive on NDTV.com and getnewsupdates fromIndiaand around theworld","BJP has routed the AAP in Delhi, winning 48 of 70 Assembly seats. Bengal LoP Suvendu Adhikari: 'We have won Delhi, in 2026 it's Bengal's turn' Bengal BJP leader Sukanta Majumdar: 'People of Bengal will also vote for the BJP... in the next Assembly election'",POSITIVE,1.0,pro-government,0.82,NDTV
AAP's Saurabh Bharadwaj Turns YouTuber After Delhi Election Loss,https://www.ndtv.com/india-news/saurabh-bhardwaj-youtube-channel-berozgar-neta-aaps-saurabh-bharadwaj-turns-youtuber-after-delhi-election-loss-7699418,"Former Delhi minister and Aam Aadmi Party (AAP) MLA Saurabh Bharadwaj is now a YouTuber. After his loss in the 2025 Delhi Assembly election, the AAP leader has launched a YouTube channel, ""Berozgar Neta"", which means ""unemployed politician"".Mr Bharadwaj, who lost the Greater Kailash seat to BJP's Shikha Roy, will use the platform to interact with people daily. In his first video, he shared how the election result ""flipped his life by 180 degrees"" and made him an ""unemployed leader."" On Wednesday, he shared a video and mentioned that the goal of this channel was to communicate directly with the public and answer their queries in an ""open and transparent"" manner.In the 58-second-long clip, he said, ""The Delhi results announced on February 8 have changed many lives, and the situation has changed 180 degrees for people like us. It can be said that leaders like us have become unemployed.""""People are reaching out to me with messages and calls. I want to share how things change in the life of a politician after an election loss. I will also try to respond to your questions. So please join my platform,"" he added.The 45-year-old engineer-turned-politician also announced his YouTube innings on X, writing, ""From tomorrow I am coming among you on a new platform! Now you can also join me on YouTube, where we will discuss a new topic every day. Also, you can share your suggestions. See you tomorrow on a new journey with our first video!"" ‡§¨‡•á‡§∞‡•ã‡§ú‡§ó‡§æ‡§∞ ‡§®‡•á‡§§‡§æ‡§ï‡§≤ ‡§∏‡•á ‡§Æ‡•à‡§Ç ‡§è‡§ï ‡§®‡§è ‡§™‡•ç‡§≤‡•á‡§ü‡§´‡•â‡§∞‡•ç‡§Æ ‡§™‡§∞ ‡§Ü‡§™‡§ï‡•á ‡§¨‡•Ä‡§ö ‡§Ü ‡§∞‡§π‡§æ ‡§π‡•Ç‡§Å!‡§Ö‡§¨ ‡§Ü‡§™ YouTube ‡§™‡§∞ ‡§≠‡•Ä ‡§Æ‡•á‡§∞‡•á ‡§∏‡§æ‡§• ‡§ú‡•Å‡§°‡§º ‡§∏‡§ï‡§§‡•á ‡§π‡•à‡§Ç, ‡§ú‡§π‡§æ‡§Å ‡§π‡§Æ ‡§π‡§∞ ‡§∞‡•ã‡§ú‡§º ‡§è‡§ï ‡§®‡§è ‡§µ‡§ø‡§∑‡§Ø ‡§™‡§∞ ‡§ö‡§∞‡•ç‡§ö‡§æ ‡§ï‡§∞‡•á‡§Ç‡§ó‡•á‡•§‡§∏‡§æ‡§• ‡§π‡•Ä,‡§Ü‡§™ ‡§Ö‡§™‡§®‡•á ‡§∏‡•Å‡§ù‡§æ‡§µ ‡§≠‡•Ä ‡§∏‡§æ‡§ù‡§æ ‡§ï‡§∞ ‡§∏‡§ï‡§§‡•á ‡§π‡•à‡§Ç‡•§‡§ï‡§≤ ‡§Æ‡§ø‡§≤‡§§‡•á ‡§π‡•à‡§Ç ‡§®‡§è ‡§∏‡§´‡§∞ ‡§™‡§∞ ‡§Ö‡§™‡§®‡•Ä ‡§™‡§π‡§≤‡•Ä Video ‡§ï‡•á ‡§∏‡§æ‡§• !Link-https://t.co/FIGcEtUN5zpic.twitter.com/PZP0BoeBdS The former legislator will discuss a new topic every day and has invited viewers to share their suggestions and participate in the discussions. So far, the channel has approximately 52,000 subscribers.Mr Bharadwaj, a three-time MLA from Greater Kailash, held various portfolios in the Delhi government, including home, health, water, industries, transport and power, among others. He lost in the 2025 Delhi Assembly elections to Shikha Roy by over 3,000 votes.Mr Bhardwaj was among the popular AAP leaders, including party chief Arvind Kejriwal, Malviya Nagar MLA Somnath Bharti, and former Deputy CM Manish Sisodia, who lost the elections this year.The BJP won 48 of the 70 seats, ending AAP's rule in Delhi and forming the government after 27 years. The Arvind¬†Kejriwal-led party managed to win 22 seats. TrackLatest NewsLive on NDTV.com and getnewsupdates fromIndiaand around theworld","Saurabh Bharadwaj lost the Greater Kailash seat to BJP's Shikha Roy. He will use the platform to interact with people daily. In his first video, he shared how the election result ""flipped his life by 180 degrees"" and made him an ""unemployed leader""",NEGATIVE,0.78,pro-government,0.54,NDTV
"""Rule Of Lies Has Ended"": Amit Shah On BJP's Delhi Victory",https://www.ndtv.com/india-news/delhi-election-results-live-rule-of-lies-has-ended-amit-shah-on-bjps-delhi-victory-7663057#pfrom=home-ndtvelex_live_day_watch_live,"The rule of lies has ended in Delhi, declared Union Home Minister Amit Shah on Saturday as the BJP appeared set for a massive comeback in the national capital, defeating Arvind Kejriwal's Aam Aadmi Party (AAP). ""PM Modi in the heart of Delhi. The people of Delhi have worked to make Delhi Aapda-free by destroying the 'Sheeshmahal' of lies, deceit and corruption. Delhi has taught such a lesson to those who break promises that it will set an example for those who make false promises to the public across the country,"" said Mr Shah. ‡§¶‡§ø‡§≤‡•ç‡§≤‡•Ä ‡§ï‡•á ‡§¶‡§ø‡§≤ ‡§Æ‡•á‡§Ç ‡§Æ‡•ã‡§¶‡•Ä‚Ä¶ü™∑‡§¶‡§ø‡§≤‡•ç‡§≤‡•Ä ‡§ï‡•Ä ‡§ú‡§®‡§§‡§æ ‡§®‡•á ‡§ù‡•Ç‡§†, ‡§ß‡•ã‡§ñ‡•á ‡§î‡§∞ ‡§≠‡•ç‡§∞‡§∑‡•ç‡§ü‡§æ‡§ö‡§æ‡§∞ ‡§ï‡•á ‚Äò‡§∂‡•Ä‡§∂‡§Æ‡§π‡§≤' ‡§ï‡•ã ‡§®‡•á‡§∏‡•ç‡§§‡§®‡§æ‡§¨‡•Ç‡§§ ‡§ï‡§∞ ‡§¶‡§ø‡§≤‡•ç‡§≤‡•Ä ‡§ï‡•ã ‡§Ü‡§™-‡§¶‡§æ ‡§Æ‡•Å‡§ï‡•ç‡§§ ‡§ï‡§∞‡§®‡•á ‡§ï‡§æ ‡§ï‡§æ‡§Æ ‡§ï‡§ø‡§Ø‡§æ ‡§π‡•à‡•§‡§¶‡§ø‡§≤‡•ç‡§≤‡•Ä ‡§®‡•á ‡§µ‡§æ‡§¶‡§æ‡§ñ‡§ø‡§≤‡§æ‡§´‡•Ä ‡§ï‡§∞‡§®‡•á ‡§µ‡§æ‡§≤‡•ã‡§Ç ‡§ï‡•ã ‡§ê‡§∏‡§æ ‡§∏‡§¨‡§ï ‡§∏‡§ø‡§ñ‡§æ‡§Ø‡§æ ‡§π‡•à, ‡§ú‡•ã ‡§¶‡•á‡§∂‡§≠‡§∞ ‡§Æ‡•á‡§Ç ‡§ú‡§®‡§§‡§æ ‡§ï‡•á ‡§∏‡§æ‡§• ‡§ù‡•Ç‡§†‡•á ‡§µ‡§æ‡§¶‡•á ‡§ï‡§∞‡§®‡•á ‡§µ‡§æ‡§≤‡•ã‡§Ç ‡§ï‡•á ‡§≤‡§ø‡§è ‡§Æ‡§ø‡§∏‡§æ‡§≤ ‡§¨‡§®‡•á‡§ó‡§æ‡•§‡§Ø‡§π ‡§¶‡§ø‡§≤‡•ç‡§≤‡•Ä ‡§Æ‡•á‡§Ç‚Ä¶ In a subsequent post on X (formerly Twitter), Mr Shah said that the rule of lies has ended in Delhi. He called AAP's loss the defeat of ""arrogance and anarchy."" Expressing gratitude to the people of Delhi for this massive mandate, Mr Shah assured that under the leadership of PM Modi, the BJP will fulfill all its promises and make Delhi the number one capital of the world. ""This is a victory of 'Modi ki Guarantee' and the faith of Delhiites in Modiji's vision of development,"" he said. ‡§¶‡§ø‡§≤‡•ç‡§≤‡•Ä ‡§Æ‡•á‡§Ç ‡§ù‡•Ç‡§† ‡§ï‡•á ‡§∂‡§æ‡§∏‡§® ‡§ï‡§æ ‡§Ö‡§Ç‡§§ ‡§π‡•Å‡§Ü ‡§π‡•à... ‡§Ø‡§π ‡§Ö‡§π‡§Ç‡§ï‡§æ‡§∞ ‡§î‡§∞ ‡§Ö‡§∞‡§æ‡§ú‡§ï‡§§‡§æ ‡§ï‡•Ä ‡§π‡§æ‡§∞ ‡§π‡•à‡•§‡§Ø‡§π ‚Äò‡§Æ‡•ã‡§¶‡•Ä ‡§ï‡•Ä ‡§ó‡§æ‡§∞‡§Ç‡§ü‡•Ä' ‡§î‡§∞ ‡§Æ‡•ã‡§¶‡•Ä ‡§ú‡•Ä ‡§ï‡•á ‡§µ‡§ø‡§ï‡§æ‡§∏ ‡§ï‡•á ‡§µ‡§ø‡§ú‡§® ‡§™‡§∞ ‡§¶‡§ø‡§≤‡•ç‡§≤‡•Ä‡§µ‡§æ‡§∏‡§ø‡§Ø‡•ã‡§Ç ‡§ï‡•á ‡§µ‡§ø‡§∂‡•ç‡§µ‡§æ‡§∏ ‡§ï‡•Ä ‡§ú‡•Ä‡§§ ‡§π‡•à‡•§‡§á‡§∏ ‡§™‡•ç‡§∞‡§ö‡§Ç‡§° ‡§ú‡§®‡§æ‡§¶‡•á‡§∂ ‡§ï‡•á ‡§≤‡§ø‡§è ‡§¶‡§ø‡§≤‡•ç‡§≤‡•Ä ‡§ï‡•Ä ‡§ú‡§®‡§§‡§æ ‡§ï‡§æ ‡§¶‡§ø‡§≤ ‡§∏‡•á ‡§Ü‡§≠‡§æ‡§∞‡•§‡§Æ‡•ã‡§¶‡•Ä ‡§ú‡•Ä ‡§ï‡•á ‡§®‡•á‡§§‡•É‡§§‡•ç‡§µ ‡§Æ‡•á‡§Ç ‡§≠‡§æ‡§ú‡§™‡§æ ‡§Ö‡§™‡§®‡•á ‡§∏‡§≠‡•Ä ‡§µ‡§æ‡§¶‡•á ‡§™‡•Ç‡§∞‡•á ‡§ï‡§∞ ‡§¶‡§ø‡§≤‡•ç‡§≤‡•Ä ‡§ï‡•ã‚Ä¶ Mr Shah indirectly attacked AAP for repeatedly making false promises to the public. He believes, in response, Delhiites have voted AAP out. ""The public has responded to the dirty Yamuna, dirty drinking water, broken roads, overflowing sewers and liquor shops open in every street with their votes."" The Home Minister congratulated the BJP workers and assured Delhi to be the ""ideal capital"". ""Be it the respect for women, the self-respect of unauthorized colony residents or the immense possibilities of self-employment, Delhi will now become an ideal capital under the leadership of Modiji,"" he said. ‡§¶‡§ø‡§≤‡•ç‡§≤‡•Ä‡§µ‡§æ‡§∏‡§ø‡§Ø‡•ã‡§Ç ‡§®‡•á ‡§¨‡§§‡§æ ‡§¶‡§ø‡§Ø‡§æ ‡§ï‡§ø ‡§ú‡§®‡§§‡§æ ‡§ï‡•ã ‡§¨‡§æ‡§∞-‡§¨‡§æ‡§∞ ‡§ù‡•Ç‡§†‡•á ‡§µ‡§æ‡§¶‡•ã‡§Ç ‡§∏‡•á ‡§ó‡•Å‡§Æ‡§∞‡§æ‡§π ‡§®‡§π‡•Ä‡§Ç ‡§ï‡§ø‡§Ø‡§æ ‡§ú‡§æ ‡§∏‡§ï‡§§‡§æ‡•§ ‡§ú‡§®‡§§‡§æ ‡§®‡•á ‡§Ö‡§™‡§®‡•á ‡§µ‡•ã‡§ü ‡§∏‡•á ‡§ó‡§Ç‡§¶‡•Ä ‡§Ø‡§Æ‡•Å‡§®‡§æ, ‡§™‡•Ä‡§®‡•á ‡§ï‡§æ ‡§ó‡§Ç‡§¶‡§æ ‡§™‡§æ‡§®‡•Ä, ‡§ü‡•Ç‡§ü‡•Ä ‡§∏‡§°‡§º‡§ï‡•á‡§Ç, ‡§ì‡§µ‡§∞‡§´‡•ç‡§≤‡•ã ‡§π‡•ã‡§§‡•á ‡§∏‡•Ä‡§µ‡§∞‡•ã‡§Ç ‡§î‡§∞ ‡§π‡§∞ ‡§ó‡§≤‡•Ä ‡§Æ‡•á‡§Ç ‡§ñ‡•Å‡§≤‡•á ‡§∂‡§∞‡§æ‡§¨ ‡§ï‡•á ‡§†‡•á‡§ï‡•ã‡§Ç ‡§ï‡§æ ‡§ú‡§µ‡§æ‡§¨ ‡§¶‡§ø‡§Ø‡§æ ‡§π‡•à‡•§‡§¶‡§ø‡§≤‡•ç‡§≤‡•Ä ‡§Æ‡•á‡§Ç ‡§Æ‡§ø‡§≤‡•Ä ‡§á‡§∏ ‡§≠‡§µ‡•ç‡§Ø ‡§ú‡•Ä‡§§ ‡§ï‡•á ‡§≤‡§ø‡§è ‡§Ö‡§™‡§®‡§æ ‡§¶‡§ø‡§®-‡§∞‡§æ‡§§ ‡§è‡§ï ‡§ï‡§∞‡§®‡•á ‡§µ‡§æ‡§≤‡•á‚Ä¶ The single-phaseDelhi assembly electionswere held on February 5 and the counting of votes is underway. The BJP is set to make a comeback after 1998. According to the trends, as of 2:15 pm, BJP has secured 48 seats while AAP has got 22. AAP's top leaders Arvind Kejriwal and Manish Sisodia have lost the elections. Delhi Chief Minister Atishi won from Kalkaji constituency. TrackLatest NewsLive on NDTV.com and getnewsupdates fromIndiaand around theworld","The rule of lies has ended in Delhi, declared Union Home Minister Amit Shah on Saturday. The BJP appeared set for a massive comeback in the national capital, defeating Arvind Kejriwal's Aam Aadmi Party (AAP) ""PM Modi in the heart of Delhi. The people of Delhi have worked to make Delhi Aapda-free,"" he said.",POSITIVE,1.0,pro-government,0.62,NDTV
AAP To Replace Chief Minister In Punjab? What Bhagwant Mann Said,https://www.ndtv.com/india-news/arvind-kejriwal-bhagwant-mann-aap-to-replace-chief-minister-in-punjab-what-bhagwant-mann-said-7684521,"Punjab Chief Minister Bhagwant Mann today laughed off a question on whether he may be replaced in the top post in the aftermath of AAP's Delhi debacle and party leader Arvind Kejriwal's defeat in his seat. Mr Mann spoke to the media after an AAP meeting in Delhi attended by Mr Kejriwal, senior leader Manish Sisodia and all Punjab MLAs, besides other key party functionaries. The meeting of Punjab MLAs at the national capital's Kapurthala House had attracted attention, with a senior BJP leader claiming that Mr Kejriwal was trying to replace Mr Mann as Chief Minister. Manjinder Singh Sirsa, newly elected MLA from Rajouri Garden, claimed in a video that the AAP national convener was trying to remove Mr Mann by branding him ""incompetent"". ""After losing the Delhi elections, Arvind Kejriwal has called a meeting of Punjab MLAs in Delhi. Reports suggest that he is trying to remove¬†@BhagwantMann Ji from the CM post by branding him as incompetent. He failed to fulfill his promise of giving Rs 1,000 to women, was unsuccessful in curbing drug abuse and has worsened Punjab's situation. Now, he wants to put all failure on Bhagwant Mann. He is making AAP Punjab MLAs say that Kejriwal is a 'good man' and should be made Chief Minister instead,"" he said. When Mr Mann was asked about this claim, he smiled and said, ""Let them say"". He also assured that the Punjab government would fulfill its promise of giving Rs 1,000 every month to women. The Chief Minister also responded to Congress leader Partap Singh Bajwa's claim that more than 20 AAP MLAs in Punjab are in touch with him. ""Partap Bajwa has been saying this for nearly three years. Ask him to count the number of (Congress) MLAs in Delhi for the third time,"" he said, mocking the Congress for its hat-trick of scoring zero seats in the Delhi election. He was also asked about Mr Bajwa's claims that he may quit AAP. ""Let them talk. We have built this party with our blood and sweat. Actually, they have a culture of switching sides...¬†One of their leaders was beating a dhol to celebrate AAP's defeat. Someone asked him if he was celebrating Congress's zero score,"" he said. The AAP has 93 MLAs and the Congress 16 in the 117-member Punjab Assembly. Mr Mann also spoke about what was discussed in today's meeting. He said Mr Kejriwal thanked AAP workers for grassroots work in the party's Delhi campaign. He said AAP worked a lot in Delhi but wins and losses are part of politics. ""We accept the people's mandate in Delhi, now we plan to make Punjab a model state,"" he said. Mr Mann said all the MLAs wanted to meet Mr Kejriwal, so they came to Delhi for the meeting. NDTV also spoke to Ludhiana Central MLA Ashok Prashar about what was discussed at the meeting. ""In the meeting, Mr Kejriwal told us we must take the party forward in Punjab. There will be no change in Punjab,"" he said. Asked about the Congress's claim about AAP MLAs, he said, ""The Congress must take care, what if the few they have come to us."" TrackLatest NewsLive on NDTV.com and getnewsupdates fromIndiaand around theworld","Punjab Chief Minister Bhagwant Mann laughed off a question on whether he may be replaced in the top post. Mr Mann spoke to the media after an AAP meeting in Delhi attended by Mr Kejriwal, senior leader Manish Sisodia and all Punjab MLAs. A senior BJP leader claimed that Mr Kejriwal was trying to replace Mr Mann.",NEGATIVE,0.97,pro-government,0.49,NDTV
How AAP-Congress Feud Split Opposition Votes,https://www.ndtv.com/india-news/delhi-election-results-2025-did-congress-hurt-aap-in-delhi-11-seats-tell-a-tale-7664856#pfrom=home-ndtvelex_live_day_watch_live_elections,"As the BJP scored a massive win in Delhi, ending the Aam Aadmi Party's (AAP) 10-year rule in Delhi, a key question is doing the rounds. Did the Congress's solo show in Delhi hurt AAP's prospects, dividing the Opposition votes and making the road to victory easier for the BJP? According to the Election Commission data, AAP got 43 per cent of the vote share, while the BJP cornered 45 per cent. The Congress got 6 per cent of the vote share but won zero seats. So, an AAP-Congress alliance could have kept the BJP in the Opposition. However, local rivalries and both parties' reluctance to reach an agreement ruled out this possibility. Also, the AAP-Congress alliance during the 2024 Lok Sabha polls did not yield good results for the Opposition and BJP won all seven Delhi seats. While the AAP has accused the Congress of speaking in the same language as the BJP, the Congress has said it was not its responsibility to ensure AAP's win. It must, however, be kept in mind that even with the 11 seats AAP lost to a split in Opposition votes, the ruling party would have fallen short of the majority mark. So while the Congress candidates hurt AAP's prospects, the BJP clearly outperformed it in the capital fight. NDTV looks at 11 key seats where top AAP leaders lost to the BJP by slim margins while the Congress cornered a significant chunk of votes. New Delhi:AAP's national convener Arvind Kejriwal lost to the BJP's Parvesh Verma in the New Delhi constituency. The margin was 4,089 votes. Congress's Sandeep Dikshit, former Chief Minister Sheila Dikshit's son, got 4,568 votes and finished a distant third. So, if the AAP and the Congress had contested this election together, Mr Kejriwal would have likely scored a slim victory. Jangpura:Former Deputy Chief Minister and AAP Number 2 Manish Sisodia lost to BJP's Tarvinder Singh Marwah by a thin margin of 675 votes. Look at the candidate list and you find Congress's Farhad Suri, who got 7,350 votes. An alliance would have likely transferred these votes to Mr Sisodia and ensured his comfortable victory. Greater Kailash:Greater Kailash in south Delhi was being seen as a safe seat for the AAP and many had hoped three-time MLA and minister Saurabh Bharadwaj would win comfortably. But the BJP's Shikha Roy defeated Mr Bharadwaj by a margin of 3,188 votes. The Congress's Garvit Singhvi won 6,711 votes and if there was an alliance, it is possible that Mr Bharadwaj won the seat. Malviya Nagar:A similar story unfolded in Malviya Nagar, where BJP's Satish Upadhyay defeated three-time MLA Somnath Bharti by a margin of 2,131 votes. The Congress's Jitender Kumar Kochar got 6,770 votes, effectively ruining the game for the AAP candidate. Badli:In Badli, BJP's Aahir Deepal Chaudharyy defeated AAP's Ajesh Yadav by 15,163 votes. The Congress Devender Yadav won 41,071 votes. If there had been an alliance, AAP could have had a smooth sail. Timarpur:BJP's Surya Prakash Khatri won Timarpur by a slim margin of 1,168 votes, defeating the BJP's Surinder Pal Singh. The Congress Lokendra Kalyan Singh won 8,361 votes and this worked to the BJP's advantage. Nangloi Jat:The BJP's Manoj Kumar Shokeen won the seat by a margin of 26,251 votes, defeating the AAP's Raghuvinder Shokeen. The Congress's Rohit Choudhary got 32,028 votes and ate into the Opposition votes that would have otherwise gone to AAP. Rajinder Nagar:Senior AAP leader Durgesh Pathak lost to the BJP's Umang Bajaj by a margin of 1,231 votes. Vineet Yadav of the Congress, who got 4,105 votes, worked to the AAP's disadvantage. Chhatarpur:In south Delhi's Chhatarpur, BJP's Kartar Singh Tanwar defeated the AAP's Brahm Singh Tanwar by a margin of 6,239 votes. The Congres's Rajender Singh Tanwar got 6,601 votes, more than the margin of defeat. This worked to the BJP's advantage. Sangam Vihar:BJP's Chandan Kumar Choudhary won the election by the thinnest margin across the capital, defeating AAP's Dinesh Mohaniya by just 344 votes. In the same seat, Congress's Harsh Choudhary got 15,863 votes and spoiled the AAP's game. Trilokpuri:The east Delhi seat saw BJP's Ravi Kant winning by a margin of just 392 seats. AAP's Anjana Parcha lost to the BJP and the Congress's Amardeep, who won 6,147 votes, clearly split the Opposition votes. TrackLatest NewsLive on NDTV.com and getnewsupdates fromIndiaand around theworld","The BJP scored a massive win in Delhi, ending the Aam Aadmi Party's 10-year rule in Delhi. Did the Congress's solo show in Delhi hurt AAP's prospects, dividing the Opposition votes and making the road to victory easier for the BJP? According to the Election Commission data, AAP got 43 per cent of the vote share while the BJP cornered 45 per cent.",NEGATIVE,0.99,anti-government,0.5,NDTV
AAP vs Congress In Punjab Over '30 MLAs In Touch With Us' Claim,https://www.ndtv.com/india-news/aap-vs-congress-in-punjab-over-30-mlas-in-touch-with-us-claim-after-delhi-assembly-election-loss-7683098,"AAP MP from Punjab Malvinder Singh Kang hit out at Congress leader Partap Singh Bajwa on Monday for claiming that 30 MLAs of the state's ruling party were in touch with him, saying even his party's legislators were not with him. Following the Aam Aadmi Party's loss in the Delhi Assembly polls, Bajwa had claimed that an internal power struggle would ensue between Punjab Chief Minister Bhagwant Mann and party supremo Arvind Kejriwal. The Leader of Opposition in the Punjab Assembly had also claimed that more than 30 AAP MLAs were in touch with the Congress and ready to switch sides. Hitting back, Kang, the MP from Anandpur Sahib and AAP's chief spokesperson in Punjab, said, ""Are all Congress MLAs in touch with you? If they are, where is Sandeep Jakhar (suspended Abohar MLA)? Why did Raj Kumar Chabbewal leave the party?"" Chabbewal, who is now an AAP MP, had switched over from the Congress last year. Kang said Bajwa's own brother, Fatehjang Bajwa, joined the BJP and he could not stop him. ""Meanwhile, Congress leaders, MLAs and former legislators are continuously leaving the party. Yet Bajwa seems worried about AAP MLAs,"" he said in a statement. Bajwa is known for making ""baseless statements"" and his claims never turn out to be true, Kang alleged, adding the Congress was in such a situation that despite winning zero seats in Delhi, their leaders were celebrating over the BJP's victory. Asked about Kejriwal's meeting with Mann and party MLAs in Delhi on Tuesday, Kang said it is an organizational meeting. ""Arvind Kejriwal is the national convenor of our party. Such meetings are a regular part of any party's internal processes,"" he said. (Except for the headline, this story has not been edited by NDTV staff and is published from a syndicated feed.) TrackLatest NewsLive on NDTV.com and getnewsupdates fromIndiaand around theworld",AAP MP Malvinder Singh Kang hit out at Congress leader Partap Singh Bajwa. Kang said even his party's legislators were not with him. Bajva had claimed that an internal power struggle would ensue between Punjab Chief Minister Bhagwant Mann and party supremo Arvind Kejriwal.,NEGATIVE,0.99,anti-government,0.58,NDTV
"Congress-AAP's Unity Strongly Needed, Should Have Fought Delhi Polls Together: Amartya Sen",https://www.ndtv.com/india-news/congress-aap-unity-strongly-needed-should-have-fought-delhi-elections-2025-together-amartya-sen-7693982,"Advocating a ""strong need"" for unity between the Congress and the Aam Admi Party (AAP), Nobel laureate Professor Amartya Sen said that the two parties should have fought the Delhi elections together with mutually agreed commitments. Speaking to PTI during an exclusive interview at his ancestral home here in West Bengal's Birbhum district, Sen also said that if secularism in India were to survive, there would not only have to be unity but also agreement on things that had made India an excellent example of pluralism. ""I don't think the result of the Delhi elections should be exaggerated, but it certainly has its significance. And if the AAP had won there, that victory would have carried its own weight,"" Sen told PTI. Delving deeper into the reasons behind AAP's setback, the eminent economist said that one factor is the ""lack of unity among those who did not want a Hindutva-oriented government in Delhi"". ""If you look at the numbers in many seats, the margin of BJP's advantage over the AAP was less, sometimes far less, than the votes that the Congress received,"" he said. According to him, another important question is clarity with respect to policy. ""What were the AAP's commitments? I don't think the AAP succeeded in making clear that it was firmly secular and for all Indians. There was too much catering to Hindutva. So it's not even clear how committed it was against religious communalism. The AAP didn't take clear sides on that,"" the Nobel laureate claimed. The nonagenarian, however, praised the AAP for its efforts on school education and healthcare and suggested that the Congress should have joined the party on those issues. ""I have a daughter living in Delhi, and she and her family praise the AAP's efforts in the spheres of school education and healthcare. The Congress could have come together with the AAP, saying, 'we like their schools, we like their hospitals, we want to extend them, and go beyond'. That would have been a better line than the one it took,"" he said. ""The lack of focus of the opposition parties on public services in Delhi made it possible for the eventual electoral victors to focus instead on liquor licences and tax laws. AAP leaders were even held in custody, awaiting trial,"" he added. Sen said that the AAP could have focused more on issues of secularism as well as health care and education for all and could have done more to try and join hands with Congress on these. ""Instead they were on different sides,"" Sen said. ""The fact is that this is a war that the AAP with the INDIA coalition need not have lost. But they did,"" he said. Asked whether there could be any impact of the result of the Delhi elections on Indian politics, the economist said that parties should be clear on where they stand and why. ""Yes, indeed. I think the big impact may be on elections in Uttar Pradesh,"" said Sen. ""The lesson to learn from the AAP's poll debacle is to reinforce to a great extent what the Samajwadi Party did at the time of the general election, namely, to take a clear stand against Hindutva politics. Most Indians don't want a Hindu Rashtra,"" he stressed. He hoped that ""the Delhi election results would have the effect of emphasising the need for unity of vision."" Talking about whether the results of the Delhi polls could have any impact on the Assembly elections in Bengal next year, Sen said every election in India has an impact on others and there could possibly be an effect. ""In Bengal, even though secular parties like the Trinamool Congress, the CPI(M) and the Congress have gone separate ways, there is still something of a social consensus on the importance of secularism, and also for education and health care for all, and even for social justice. I do not see a Delhi-type debacle happening in West Bengal."" ""So yes, we have to watch out. But think dialectically. With greater focus on non-corrupt, honest governance, and a secular, justice-oriented and tolerant society, I don't think Bengal is in great danger of falling into a sectarian trap,"" the economist said. The 91-year-old intellectual said that he dreamt of a united India moving faster and the lives of people becoming better. ""I would like to see India in which everyone is educated and has good, solid, reliable health care. I would like all to have a vision of a united India and ultimately a united world. ""We have a long way to go for that, but we have to bear these visions in mind. Yes, these include a lot of unfulfilled desires. I wouldn't say dreams, because these are all achievable things if we follow good, tolerant, cooperative politics and base our policies on them."" (Except for the headline, this story has not been edited by NDTV staff and is published from a syndicated feed.) TrackLatest NewsLive on NDTV.com and getnewsupdates fromIndiaand around theworld"," Nobel laureate Professor Amartya Sen said that the two parties should have fought the Delhi elections together with mutually agreed commitments. Sen also said that if secularism in India were to survive, there would not only have to be unity but also agreement on things that had made India an excellent example of pluralism.",POSITIVE,0.52,neutral,0.47,NDTV
"Delhi Election Results 2025: BJP's Comeback, AAP's Loss Spark A Meme Fest",https://www.ndtv.com/india-news/delhi-election-results-2025-bjps-comeback-aaps-loss-sparks-a-meme-fest-7662162#pfrom=home-ndtvelex_live_day_watch_live,"The Bharatiya Janata Party (BJP) has crossed the majority mark as leads roll in for theDelhi assembly election results. Results as of 4 pm show that BJP has got 48 seats, while AAP will have to settle for 22. The trends have sparked a meme fest on social media with internet users taking a jab at Arvind Kejriwal's Aam Aadmi Party and Congress. An X (formerly Twitter) compared former Delhi Chief Minister Arvind Kejriwal to cricketer Virat Kohli, wiping his tears. Mr Kejriwal, contesting from the New Delhi constituency is up against BJP's Parvesh Verma and Congress's Sandeep Dikshit and is trailing. Kejriwal right now :pic.twitter.com/rOoHm1lIlE Jammu and Kashmir Chief Minister Omar Abdullah took a jab at the INDIA alliance, particularly the Congress and the AAP, after early leads pointed to a BJP sweep in Delhi. He made a social media post saying ""aur lado aapas mein"" (fight each other some more). Aur lado aapas mein!!!https://t.co/f3wbM1DYxkpic.twitter.com/8Yu9WK4k0c A hilarious meme showing Congress Minister Rahul Gandhi checking the number of zeroes takes a dig at the party for not getting even a single seat. #DelhiElectionResultsü§£ü§£ü§£Tough fight between AAP and BJP üî•Meanwhile, Rahul Gandhi for the 3rd time:pic.twitter.com/nChQgVvnHc TheDelhi electionappears to be a fight between only two parties - AAP and BJP. A meme shows Mr Kejriwal saying ""Desh mein Modi ki koi hawa nahin hai!!"" (There is no Modi wave in the country). In response, PM Modi humorously asks Mr Kejriwal to take off his muffler and feel the air. Thand ka mahool hai.#DelhiElectionResultspic.twitter.com/tZh2IvmtXc Another meme shows Swati Maliwal rejoicing about the loss of AAP. Reason of ‡§§‡§ñ‡•ç‡§§‡§æ ‡§™‡§≤‡§ü#DelhiElectionResultspic.twitter.com/OVKGcDnjEh Kejriwal to gayoü§£#DelhiElectionResultspic.twitter.com/t0YZri0Ga1 Another meme talks about vacating 'Sheesh Mahal' -- a term used to refer to the renovated Chief Minister's residence when Mr Kejriwal was in office. #DelhiElectionResults‡§â‡§†‡•ã ‡§∏‡•Å‡§®‡•Ä‡§§‡§æ‡§∂‡•Ä‡§∂ ‡§Æ‡§π‡§≤ ‡§ñ‡§æ‡§≤‡•Ä ‡§ï‡§∞‡§®‡•á ‡§ï‡§æ ‡§µ‡§ï‡•ç‡§§ ‡§Ü ‡§ó‡§Ø‡§æpic.twitter.com/NcjnmiK0Mu A viral video of two young girls dancing compares it to Swati Maliwal and Bansuri Swaraj dancing on the fall of Mr Kejriwal ‡§Ö‡§∞‡§µ‡§ø‡§Ç‡§¶ ‡§ï‡•á‡§ú‡§∞‡•Ä‡§µ‡§æ‡§≤ ‡§™‡§æ‡§∞‡•ç‡§ü‡•Ä ‡§ï‡•ã ‡§®‡§ø‡§™‡§ü‡§æ‡§®‡•á ‡§ï‡•á ‡§¨‡§æ‡§¶ ‡§¨‡§æ‡§Ç‡§∏‡•Å‡§∞‡•Ä ‡§∏‡•ç‡§µ‡§∞‡§æ‡§ú ‡§î‡§∞ ‡§∏‡•ç‡§µ‡§æ‡§§‡§ø ‡§Æ‡§æ‡§≤‡•Ä‡§µ‡§æ‡§≤#DelhiElectionResults#‡§¶‡§ø‡§≤‡•ç‡§≤‡•Ä_‡§µ‡§ø‡§ß‡§æ‡§®‡§∏‡§≠‡§æpic.twitter.com/nLY7ouzDiy Another meme shows Delhi voters hyping BJP while AAP struggles to swim and Congress is underwater. #DelhiElectionResultspic.twitter.com/TuHLOUHVWW The single-phase Delhi assembly elections were held on February 5 and the votes are being counted right now. The results today will determine if Arvind Kejriwal's Aam Aadmi Party (AAP) will return to power for the fourth time or if BJP will make a comeback. Currently,AAP's top leadersincluding Arvind Kejriwal, Manish Sisodia, Saurabh Bharadwaj and Satyendar Jain have lost the elections. TrackLatest NewsLive on NDTV.com and getnewsupdates fromIndiaand around theworld","Results as of 4 pm show that BJP has got 48 seats, while AAP will have to settle for 22. The trends have sparked a meme fest on social media with internet users taking a jab at Arvind Kejriwal's Aam Aadmi Party and Congress. An X (formerly Twitter) compared former Delhi Chief Minister ArvindKejriwal to cricketer Virat Kohli, wiping his tears.",NEGATIVE,0.81,anti-government,0.65,NDTV
"""Give Him Some Water"": PM Modi Pauses Speech To Check On Unwell BJP Worker",https://www.ndtv.com/india-news/delhi-election-results-2025-delhi-election-results-live-give-him-some-water-pm-modi-pauses-speech-to-check-on-unwell-bjp-worker-7665543#pfrom=home-ndtvelex_live_day_watch_live_elections,"The BJP won 48 of Delhi's 70 Assembly seats. Addressing members of the BJP after its spectacular victory in the Delhi Assembly elections, Prime Minister Narendra Modi paused his speech to check on a party worker and asked people around him to ensure that he was given some water. The Prime Minister was speaking about how the BJP was, for the first time, in power in all states in the Delhi National Capital Region - Delhi, Haryana, Uttar Pradesh and Rajasthan - when he noticed that a party worker seated in one of the rows close to the stage was feeling unwell. Pausing his speech, PM Modi pointed to the worker and said in Hindi, ""Is he sleepy or unwell? Doctor, please check on him. Please give the BJP worker some water. He seems unwell, please look after him... He looks uneasy."" It was only after the worker had some water and gestured that he was okay that the Prime Minister continued his speech. ""This is the first time since Independence that all of these states have a BJP government. This coincidence will unlock an infinite number of paths of development in Delhi and the National Capital Region. Our effort will be to ensure that there is a focus on mobility and infrastructure in the entire region and the youth in the region get many opportunities to succeed,"" PM Modi said. Attacking the Arvind Kejriwal-led AAP, whose tally in this year's Assembly elections dropped to just 22 - from 62 in 2020 - while the BJP won 48 seats (up from just eight), PM Modi said, ""The party which was born out of a movement against corruption, found themselves getting drowned in corruption... Their chief minister, deputy chief minister and ministers went to jail. The liquor scam was a disgrace to Delhi's image and they were arrogant about it."" He also mocked the Congress for failing to open its account in any Lok Sabha or Assembly election in Delhi since 2014. ""India's oldest party has not managed to open their account in six elections in Delhi. I have told you before as well that the Congress is a parasitic party that takes the other party down with it. Their method is also unique, they steal their (the other parties') agendas and then target their vote bank and steal their votes,"" he sneered. TrackLatest NewsLive on NDTV.com and getnewsupdates fromIndiaand around theworld",Prime Minister Narendra Modi paused his speech to check on a party worker. He asked people around him to ensure that he was given some water. The BJP won 48 of Delhi's 70 Assembly seats. It is the first time since Independence that all of these states have a BJP government.,NEGATIVE,0.95,pro-government,0.91,NDTV
PM Modi's Big Mention Of Yamuna In Delhi Victory Speech To BJP Workers,https://www.ndtv.com/india-news/pm-modis-big-mention-of-yamuna-in-delhi-victory-speech-to-bjp-workers-7665977#pfrom=home-ndtvelex_live_day_watch_live_elections,"'Yamuna ki jai' - Prime Minister Narendra Modi began, and ended, his victory address to party workers in the Delhi polls with an invocation to Yamuna, the river whose cleanliness has been a hot-button poll issue for all the parties. Parvesh Verma, the BJP candidate who emerged as a giant slayer by beating Arvind Kejriwal in the New Delhi constituency, has promised to clean the Yamuna river if his party is voted to power. The BJP, ending its nearly three-decade wait in the national capital, emerged as the largest party in the polls, winning 48 seats. The Aam Aadmi Party is down at 22, from the 62 it won in the 2020 polls. ""The existence of Delhi itself has flourished in the lap of Mother Yamuna. The people of Delhi have been crying after seeing the condition of Yamuna as the AAP-DA in Delhi has insulted this faith. For their own failure, such a big accusation has been made on the people of Haryana,"" said the Prime Minister, alluding to the sensational charge against Haryana made by Mr Kejriwal. ‡§Æ‡•à‡§Ç‡§®‡•á ‡§ö‡•Å‡§®‡§æ‡§µ ‡§™‡•ç‡§∞‡§ö‡§æ‡§∞ ‡§ï‡•á ‡§¶‡•å‡§∞‡§æ‡§® ‡§∏‡§Ç‡§ï‡§≤‡•ç‡§™ ‡§≤‡§ø‡§Ø‡§æ ‡§π‡•à ‡§ï‡§ø ‡§π‡§Æ ‡§Ø‡§Æ‡•Å‡§®‡§æ ‡§ú‡•Ä ‡§ï‡•ã ‡§¶‡§ø‡§≤‡•ç‡§≤‡•Ä ‡§ï‡•Ä ‡§™‡§π‡§ö‡§æ‡§® ‡§¨‡§®‡§æ‡§è‡§Ç‡§ó‡•á‡•§#‡§¶‡§ø‡§≤‡•ç‡§≤‡•Ä_‡§ï‡•á_‡§¶‡§ø‡§≤_‡§Æ‡•á‡§Ç_‡§Æ‡•ã‡§¶‡•Äpic.twitter.com/rV58PxAkTr In the run-up to the polls, Arvind Kejriwal claimed that the Haryana government was mixing ""poison in the Yamuna"" river. Mr Kejriwal now faces a police case in Haryana for the said comments. Haryana Chief Minister Nayab Saini drank the water from the river near the Delhi border and slammed Mr Kejriwal for ""spreading lies"". ""I drank the water of the holy Yamuna on the border of Haryana without any hesitation. Kejriwal has blatantly lied. Even I'm having relatives in Delhi. The AAP convener should immediately tender an apology,"" the Haryana Chief Minister wrote last week on X. With only Punjab in his pocket, Mr Kejriwal's national hopes for himself and his party have been arrested - at least for the moment. ""I have pledged during the election campaign that we will make Yamuna ji the identity of Delhi. I know this is not very difficult. No matter how much time is taken, no matter how much energy is used, but if the resolve is strong, then blessings of Yamuna ji will remain with us,"" assured the Prime Minister in his victory address. During poll campaign, PM Modi had termed the AAP chief's allegations ""disgusting"", adding that he has been drinking the Yamuna water for 11 years. ""Can anyone imagine that the BJP government in Haryana was trying to poison me? asked PM Modi. PM Modi said not only the people of Delhi but also diplomats and judges staying in the national capital drink the same water that comes from Haryana. TrackLatest NewsLive on NDTV.com and getnewsupdates fromIndiaand around theworld","Prime Minister Narendra Modi ends his victory address to party workers with an invocation to Yamuna. The BJP, ending its nearly three-decade wait in the national capital, emerged as the largest party in the polls. The Aam Aadmi Party is down at 22, from the 62 it won in the 2020 polls.",NEGATIVE,0.95,pro-government,0.73,NDTV
